ean;mfn;brand;name;category;category_id;data_accuracy_score;net_weight_g;gross_weight_g
730143315289;100-100001084WOF;AMD;AMD Ryzen 7 9800X3D (8 rdzeni);Procesory;989;1;40;250
730143318280;100-100001973WOF;AMD;AMD Ryzen 7 9850X3D (8 rdzeni);Procesory;989;1;40;250
730143315555;100-100000719WOF;AMD;AMD Ryzen 9 9950X3D (16 rdzeni);Procesory;989;1;40;250
730143315593;100-100001404WOF;AMD;AMD Ryzen 7 9700X (8 rdzeni);Procesory;989;1;40;250
730143315609;100-100001405WOF;AMD;AMD Ryzen 5 9600X (6 rdzeni);Procesory;989;1;40;250
730143314930;100-100000910WOF;AMD;AMD Ryzen 7 7800X3D (8 rdzeni);Procesory;989;1;40;250
730143314572;100-100001015BOX;AMD;AMD Ryzen 5 7600 (6 rdzeni);Procesory;989;1;40;250
5032037281928;BX80768285K;Intel;Intel Core Ultra 9 285K (24 rdzenie);Procesory;989;1;40;250
5032037281980;BX80768265KF;Intel;Intel Core Ultra 7 265KF (20 rdzeni);Procesory;989;1;40;250
5032037282109;BX80768245KF;Intel;Intel Core Ultra 5 245KF (14 rdzeni);Procesory;989;1;40;250
4260751595590;100-000000927;AMD;AMD Ryzen 5 5600 OEM (6 rdzeni);Procesory;989;1;40;250
5032037284837;BX80768270K;Intel;Intel Core Ultra 7 270K Plus (24 rdzenie);Procesory;989;1;40;250
5032037284738;BX80768250K;Intel;Intel Core Ultra 5 250K Plus (18 rdzeni);Procesory;989;1;40;250
730143315296;100-100000662WOF;AMD;AMD Ryzen 9 9900X (12 rdzeni);Procesory;989;1;40;250
8592978468668;100-000000597;AMD;AMD Ryzen 5 7500F OEM (6 rdzeni);Procesory;989;1;40;250
730143318327;100-100001978WOF;AMD;AMD Ryzen 9 9950X3D2 (16 rdzeni);Procesory;989;1;40;250
4711377344272;V537-002R;MSI;MSI GeForce RTX 5060 8G VENTUS 2X OC 8 GB GDDR7;Karty graficzne;170;1;1100;2000
4711377334471;V535-005R;MSI;MSI GeForce RTX 5060 Ti 16G VENTUS 2X OC PLUS;Karty graficzne;170;1;1100;2000
4710562245189;NE7506T019T1-GB2061S;Palit;Palit GeForce RTX 5060 Ti Infinity 3 16GB GDDR7;Karty graficzne;170;1;1100;2000
4711636046213;90YV0M17-M0NA00;ASUS;ASUS Dual GeForce RTX 5070 OC 12GB GDDR7;Karty graficzne;170;1;1100;2000
4719331355715;GV-N5070WF3OC-12GD;Gigabyte;Gigabyte GeForce RTX 5070 Windforce OC 12GB GDDR7;Karty graficzne;170;1;1100;2000
4711377301541;V531-240R;MSI;MSI GeForce RTX 5070 Ti Gaming Trio OC 16GB GDDR7;Karty graficzne;170;1;1100;2000
4719331355883;GV-N507TEAGLEOC-16GD;Gigabyte;Gigabyte GeForce RTX 5070 Ti Eagle OC 16GB GDDR7;Karty graficzne;170;1;1100;2000
4711377309219;508016GVENTUS3XOC;MSI;MSI GeForce RTX 5080 Ventus 3X OC 16GB GDDR7;Karty graficzne;170;1;1100;2000
4711387856673;90YV0M30-M0NA00;ASUS;ASUS TUF Gaming OC GeForce RTX 5080 16GB GDDR7;Karty graficzne;170;1;1100;2000
4711387890288;90YV0LW0-M0NA00;ASUS;ASUS GeForce RTX 5090 ROG Astral OC 32GB GDDR7;Karty graficzne;170;1;1100;2000
4895106295919;11348-03-20G;Sapphire;Sapphire Radeon RX 9070 XT PULSE 16GB GDDR6;Karty graficzne;170;1;1100;2000
4719331355524;GV-R9070XTGAMINGOC-16GD;Gigabyte;Gigabyte Radeon RX 9070 XT Gaming OC 16GB GDDR6;Karty graficzne;170;1;1100;2000
4895106295971;11349-03-20G;Sapphire;Sapphire Pulse Radeon RX 9070 16GB GDDR6;Karty graficzne;170;1;1100;2000
4895106296381;11350-03-20G;Sapphire;Sapphire Radeon RX 9060 XT Pulse OC 16GB GDDR6;Karty graficzne;170;1;1100;2000
4719331356439;GV-N5060EAGLEOC-8GD;Gigabyte;Gigabyte GeForce RTX 5060 EAGLE OC 8G;Karty graficzne;170;1;1100;2000
4711387829578;TUF-RX9070XT-O16G-GAMING;ASUS;ASUS TUF Gaming Radeon RX 9070 XT OC 16GB GDDR6;Karty graficzne;170;1;1100;2000
4719331355494;GV-N5080GAMINGOC-16GD;Gigabyte;Gigabyte GeForce RTX 5080 Gaming OC 16GB GDDR7;Karty graficzne;170;1;1100;2000
8886307700612;ZT-B50620E-10M;Zotac;Zotac Gaming GeForce RTX 5060 Ti 16GB Twin Edge;Karty graficzne;170;1;1100;2000
4719331355838;GV-N5090WF3OC-32GD;Gigabyte;Gigabyte GeForce RTX 5090 Windforce OC 32GB GDDR7;Karty graficzne;170;1;1100;2000
4711377402859;MAGB850TOMAHAWKWIFI;MSI;MSI MAG B850 TOMAHAWK WIFI;Płyty główne;164;1;1000;1800
4711387781609;90MB1J30-M0EAY0;ASUS;ASUS TUF B850-PLUS WIFI;Płyty główne;164;1;1000;1800
4719331866099;B850AELITEWF7ICE;Gigabyte;Gigabyte B850 A ELITE WF7 ICE;Płyty główne;164;1;1000;1800
4711581490178;90-MXBQL0-A0UAYZ;ASRock;ASRock B850 Pro RS WiFi;Płyty główne;164;1;1000;1800
4719331864996;X870EAGLEWIFI7;Gigabyte;Gigabyte X870 EAGLE WIFI7;Płyty główne;164;1;1000;1800
4711377291927;MAGX870ETOMAHAWKWIFI;MSI;MSI MAG X870E TOMAHAWK WIFI;Płyty główne;164;1;1000;1800
4711387724163;ROGSTRIXX870E-EGAMINGWIFI;ASUS;ASUS ROG STRIX X870E-E GAMING WIFI;Płyty główne;164;1;1000;1800
4711377259712;MAGZ890TOMAHAWKWIFI;MSI;MSI MAG Z890 TOMAHAWK WIFI;Płyty główne;164;1;1000;1800
4711387763926;90MB1IQ0-M0EAY0;ASUS;ASUS TUF GAMING Z890-PLUS WIFI;Płyty główne;164;1;1000;1800
4719331867515;B860DS3HWIFI6E;Gigabyte;Gigabyte B860 DS3H WIFI6E;Płyty główne;164;1;1000;1800
4719331860073;B650GAMINGXAXV2;Gigabyte;Gigabyte B650 GAMING X AX V2;Płyty główne;164;1;1000;1800
4711081309741;PRIMEB550M-AWIFIII;ASUS;ASUS PRIME B550M-A WIFI II;Płyty główne;164;1;1000;1800
4711581490123;B860STEELLEGENDWIFI;ASRock;ASRock B860 Steel Legend WiFi;Płyty główne;164;1;1000;1800
4711387772676;90MB1J50-M0EAY0;ASUS;ASUS ROG STRIX B850-A Gaming WIFI;Płyty główne;164;1;1000;1800
4719331871529;X870EAELITEWIFI7ICE;Gigabyte;Gigabyte X870E AORUS ELITE WIFI7 ICE;Płyty główne;164;1;1000;1800
4711387747223;90MB1ID0-M0EAY0;ASUS;ASUS ROG MAXIMUS Z890 HERO;Płyty główne;164;1;1000;1800
4711377290623;MAGB850TOMAHAWKMAXWIFI;MSI;MSI MAG B850 TOMAHAWK MAX WIFI;Płyty główne;164;1;1000;1800
740617342994;KF560C30BBEK2-32;Kingston;Kingston Fury Beast, DDR5, 32 GB, 6000MHz, CL30;Moduły pamięci;911;1;70;160
4713294230454;F5-6000J3038F16GX2-TZ5N;G.Skill;G.Skill Trident Z5 Neo, DDR5, 32 GB, 6000MHz, CL30;Moduły pamięci;911;1;70;160
840006673293;CMK32GX5M2B6000Z30;Corsair;Corsair Vengeance, DDR5, 32 GB, 6000MHz, CL30;Moduły pamięci;911;1;70;160
840006671343;CMH32GX5M2B6000C30;Corsair;Corsair Vengeance RGB, DDR5, 32 GB, 6000MHz, CL30;Moduły pamięci;911;1;70;160
740617342819;KF560C30BBEAK2-64;Kingston;Kingston Fury Beast RGB, DDR5, 64 GB, 6000MHz, CL30;Moduły pamięci;911;1;70;160
4713294232762;F5-6000J3040G32GX2-TZ5NR;G.Skill;G.Skill Trident Z5 Neo RGB, DDR5, 64 GB, 6000MHz, CL30;Moduły pamięci;911;1;70;160
5908267901724;IR-6000D564L36S/32GDC;GoodRam;GoodRam IRDM, DDR5, 32 GB, 6000MHz, CL36;Moduły pamięci;911;1;70;160
4713294224415;F4-3200C16D-32GIS;G.Skill;G.Skill Aegis, DDR4, 32 GB, 3200MHz, CL16;Moduły pamięci;911;1;70;160
843367133543;LD5U16G68C34LA-RGD;Lexar;Lexar Ares RGB, DDR5, 32 GB, 6800MHz, CL34;Moduły pamięci;911;1;70;160
740617345841;KF560C36BBE2K2-32;Kingston;Kingston Fury Beast, DDR5, 32 GB, 6000MHz, CL36;Moduły pamięci;911;1;70;160
840006674368;CMP32GX5M2B6400C32W;Corsair;Corsair Dominator Titanium RGB, DDR5, 32 GB, 6400MHz, CL32;Moduły pamięci;911;1;70;160
4713294233424;F5-6000J3040G32GX2-FX5;G.Skill;G.Skill Flare X5, DDR5, 64 GB, 6000MHz, CL30;Moduły pamięci;911;1;70;160
8806094215038;MZ-V9P2T0BW;Samsung;Samsung 990 PRO 2TB M.2 2280 PCI-E x4 Gen4 NVMe;Urządzenia SSD;1563;1;10;60
8806095575650;MZ-V9S2T0BW;Samsung;Samsung 990 EVO Plus 2TB M.2 2280 PCI-E x4 Gen4 NVMe;Urządzenia SSD;1563;1;10;60
8806095811710;MZ-VAP2T0BW;Samsung;Samsung 9100 Pro 2TB M.2 2280 PCI-E x4 Gen5 NVMe;Urządzenia SSD;1563;1;10;60
718037891408;WDS200T2X0E;Western Digital;WD Black SN850X 2TB M.2 2280 PCI-E x4 Gen4 NVMe;Urządzenia SSD;1563;1;10;60
740617324242;SKC3000D/2048G;Kingston;Kingston KC3000 2TB M.2 2280 PCI-E x4 Gen4 NVMe;Urządzenia SSD;1563;1;10;60
740617344790;SNV3S/1000G;Kingston;Kingston SNV3S 1TB M.2 2280 PCI-E x4 Gen4 NVMe;Urządzenia SSD;1563;1;10;60
843367130290;LNM790X002T-RNNNG;Lexar;Lexar NM790 2TB M.2 2280 PCI-E x4 Gen4 NVMe;Urządzenia SSD;1563;1;10;60
5908267964095;SSDPR-PX600-1K0-80;GoodRam;GoodRam PX600 1TB M.2 2280 PCI-E x4 Gen4 NVMe;Urządzenia SSD;1563;1;10;60
649528942241;CT2000P310SSD8;Crucial;Crucial P310 2TB M.2 2280 PCI-E x4 Gen4 NVMe;Urządzenia SSD;1563;1;10;60
619659220860;WDS200T1X0M-00CMT0;Western Digital;WD SN8100 2TB M.2 2280 PCI-E x4 Gen5 NVMe;Urządzenia SSD;1563;1;10;60
740617349498;SFYR2S/2T0;Kingston;Kingston Renegade G5 2TB M.2 2280 PCI-E x4 Gen5 NVMe;Urządzenia SSD;1563;1;10;60
8806094947205;MZ-V9P4T0BW;Samsung;Samsung 990 PRO 4TB M.2 2280 PCI-E x4 Gen4 NVMe;Urządzenia SSD;1563;1;10;60
843367136858;LNM990X002T-RNNNG;Lexar;Lexar NM990 2TB M.2 2280 PCI-E x4 Gen5 NVMe;Urządzenia SSD;1563;1;10;60
4260052192191;BP027EU;be quiet!;be quiet! Pure Power 13 M 850W;Moduły zasilaczy;963;1;1700;2500
4260052192184;BP026EU;be quiet!;be quiet! Pure Power 13 M 750W;Moduły zasilaczy;963;1;1700;2500
840006691204;CP-9020296-EU;Corsair;Corsair RM850e 2025 850W ATX 3.1;Moduły zasilaczy;963;1;1700;2500
840006667445;CP-9020270-EU;Corsair;Corsair RM850x 2024 850W;Moduły zasilaczy;963;1;1700;2500
5903018667959;EY7A012;Endorfy;Endorfy Supremo FM6 850W;Moduły zasilaczy;963;1;1700;2500
4711173878438;FOCUS-GX-850-V4;Seasonic;Seasonic FOCUS GX-850 v4;Moduły zasilaczy;963;1;1700;2500
4719331557140;GP-GME750GMPG5EU;Gigabyte;Gigabyte Gaming 750GM PG5 ATX 3.1;Moduły zasilaczy;963;1;1700;2500
4260052192023;BP020EU;be quiet!;be quiet! Dark Power 14 1000W;Moduły zasilaczy;963;1;1700;2500
840440495161;CP-9020307-EU;Corsair;Corsair HX1200i 2025 1200W ATX 3.1;Moduły zasilaczy;963;1;1700;2500
5903018668918;EY7A015;Endorfy;Endorfy Vero L6 650W;Moduły zasilaczy;963;1;1700;2500
840006691327;CP-9020297-EU;Corsair;Corsair RM1000e 2025 1000W ATX 3.1;Moduły zasilaczy;963;1;1700;2500
4711387594384;90YE00W1-B0NA00;ASUS;ASUS ROG Strix Platinum 1000W;Moduły zasilaczy;963;1;1700;2500
4260052192207;BP028EU;be quiet!;be quiet! Pure Power 13 M 1000W;Moduły zasilaczy;963;1;1700;2500
4260052191804;BG074;be quiet!;be quiet! Pure Base 501 Airflow;Zabezpieczenia & uchwyty komputerów;237;1;7500;10000
5056547205854;CC-H52FB-01;NZXT;NZXT H5 Flow (2024);Zabezpieczenia & uchwyty komputerów;237;1;7500;10000
4718466015853;LAN217X;Lian Li;Lian Li LANCOOL 217;Zabezpieczenia & uchwyty komputerów;237;1;7500;10000
4718466015884;G99.O11VPX.00;Lian Li;Lian Li O11 Vision Compact;Zabezpieczenia & uchwyty komputerów;237;1;7500;10000
7340172704713;FD-C-NOR1C-02;Fractal Design;Fractal Design North;Zabezpieczenia & uchwyty komputerów;237;1;7500;10000
840440496571;CC-9011312-WW;Corsair;Corsair Frame 4000D RS;Zabezpieczenia & uchwyty komputerów;237;1;7500;10000
5903018666327;EY2A013;Endorfy;Endorfy Arx 700 ARGB;Zabezpieczenia & uchwyty komputerów;237;1;7500;10000
886523303466;PH-NV523TG_DBK02;Phanteks;Phanteks NV5;Zabezpieczenia & uchwyty komputerów;237;1;7500;10000
4718466014153;O11DERGBX;Lian Li;Lian Li O11 Dynamic EVO RGB;Zabezpieczenia & uchwyty komputerów;237;1;7500;10000
4711636061193;90DC00W0-B39000;ASUS;ASUS ROG Strix Helios II;Zabezpieczenia & uchwyty komputerów;237;1;7500;10000
5903018666211;EY2A002;Endorfy;Endorfy Ventum 200 Air;Zabezpieczenia & uchwyty komputerów;237;1;7500;10000
4260052192832;BGW76;be quiet!;be quiet! Pure Base 501 DX;Zabezpieczenia & uchwyty komputerów;237;1;7500;10000
7340172710448;FD-C-POA2A-02;Fractal Design;Fractal Design Pop 2 Air TG;Zabezpieczenia & uchwyty komputerów;237;1;7500;10000
4260052190142;BGW50;be quiet!;be quiet! Dark Base 901 Pro ARGB;Zabezpieczenia & uchwyty komputerów;237;1;7500;10000
4895213704120;ACFRE00121A;Arctic;Arctic Freezer 36;Systemy chłodzenia komputerów;921;1;800;1200
4260052192481;BK039;be quiet!;be quiet! Pure Rock 3;Systemy chłodzenia komputerów;921;1;800;1200
5903018667911;EY3A012;Endorfy;Endorfy Fera 5 Black ARGB;Systemy chłodzenia komputerów;921;1;800;1200
4260052190739;BK035;be quiet!;be quiet! Dark Rock 5;Systemy chłodzenia komputerów;921;1;800;1200
9010018000238;NH-D15SCH.BK;Noctua;Noctua NH-D15S;Systemy chłodzenia komputerów;921;1;800;1200
4895265000249;ACFRE00180A;Arctic;Arctic Liquid Freezer III Pro 360;Systemy chłodzenia komputerów;921;1;1600;2600
4260052193204;BW031EU;be quiet!;be quiet! Pure Loop 3 LX 360mm;Systemy chłodzenia komputerów;921;1;1600;2600
5056547205212;RL-KN360-B2;NZXT;NZXT Kraken Plus 360;Systemy chłodzenia komputerów;921;1;1600;2600
4718466013507;GA2T36B;Lian Li;Lian Li Galahad II Trinity 360;Systemy chłodzenia komputerów;921;1;1600;2600
840440482956;CW-9061023-WW;Corsair;Corsair iCUE LINK Titan 360 RX LCD RGB;Systemy chłodzenia komputerów;921;1;1600;2600
5903018665900;EY3B003;Endorfy;Endorfy Navis F360 Black;Systemy chłodzenia komputerów;921;1;1600;2600
4711387579671;90RC00W1-M0UAY0;ASUS;ASUS ROG Strix LC III 360 ARGB LCD;Systemy chłodzenia komputerów;921;1;1600;2600
4260052191125;BW020;be quiet!;be quiet! Light Loop 240 mm ARGB;Systemy chłodzenia komputerów;921;1;1600;2600
840006687528;CW-9060088-WW;Corsair;Corsair Nautilus 240 RS;Systemy chłodzenia komputerów;921;1;1600;2600
4895265000072;ACFAN00305A;Arctic;Arctic P12 Pro;Części i akcesoria do systemów chłodzenia komputerów;1571;1;160;250
4260052188859;BL093;be quiet!;be quiet! Silent Wings 4 120mm PWM;Części i akcesoria do systemów chłodzenia komputerów;1571;1;160;250
5903018665955;EY4A002;Endorfy;Endorfy Fluctus 120mm PWM ARGB;Części i akcesoria do systemów chłodzenia komputerów;1571;1;160;250
4718466018519;12CL1W1B;Lian Li;Lian Li UNI FAN CL Wireless 120;Części i akcesoria do systemów chłodzenia komputerów;1571;1;160;250
840006684121;CO-9050180-WW;Corsair;Corsair RS120 PWM ARGB;Części i akcesoria do systemów chłodzenia komputerów;1571;1;160;250
7340172708841;FD-F-MO1-1201;Fractal Design;Fractal Design Momentum 12;Części i akcesoria do systemów chłodzenia komputerów;1571;1;160;250
9010018100723;NF-A14X25G2PWMCH.BK;Noctua;Noctua NF-A14x25 G2 PWM;Części i akcesoria do systemów chłodzenia komputerów;1571;1;160;250
840006697930;CO-9051001-WW;Corsair;Corsair iCUE LINK QX120 RGB;Części i akcesoria do systemów chłodzenia komputerów;1571;1;160;250
4260052190777;BL105;be quiet!;be quiet! Pure Wings 3 120mm PWM;Części i akcesoria do systemów chłodzenia komputerów;1571;1;160;250
4895265000416;ACFAN00317A;Arctic;Arctic P14 Pro PST White;Części i akcesoria do systemów chłodzenia komputerów;1571;1;160;250
4718466022592;G99.14SLIN1W1W.00;Lian Li;Lian Li UNI FAN SL-INF Wireless 140 White;Części i akcesoria do systemów chłodzenia komputerów;1571;1;160;250
886523002963;PH-F140D30_DRGB_PWM_BK01;Phanteks;Phanteks D30-140 D-RGB;Części i akcesoria do systemów chłodzenia komputerów;1571;1;160;250
4719331355722;GV-N5070GAMINGOC-12GD;Gigabyte;Gigabyte GeForce RTX 5070 Gaming OC 12GB GDDR7;Karty graficzne;170;1;1100;2000
730143315579;100-100001368WOF;AMD;AMD Ryzen 9 9900X3D (12 rdzeni);Procesory;989;1;40;250
4711581492509;90-MXBTG0-A0UAYZ;ASRock;ASRock X870E TAICHI OCF;Płyty główne;164;1;1000;1800
8806095811703;MZ-VAP4T0BW;Samsung;Samsung 9100 Pro 4TB M.2 2280 PCI-E x4 Gen5 NVMe;Urządzenia SSD;1563;1;10;60
4260052191750;BGW69;be quiet!;be quiet! Light Base 900 DX ARGB;Zabezpieczenia & uchwyty komputerów;237;1;7500;10000
5900000000901;SIM-OK;Acme;Symulacja: zakup OK;Części do obudowy do komputerów;1909;1;100;150
5900000000902;SIM-UNKNOWN-PLACED;Acme;Symulacja: timeout, zamówienie u dostawcy istnieje;Części do obudowy do komputerów;1909;1;100;150
5900000000903;SIM-UNKNOWN-LOST;Acme;Symulacja: HTTP 502, zamówienia nie ma;Części do obudowy do komputerów;1909;1;100;150
5900000000904;SIM-REJECTED;Acme;Symulacja: odrzucenie przez dostawcę;Części do obudowy do komputerów;1909;1;100;150
5900000000905;SIM-BLANK-ID;Acme;Symulacja: odpowiedź bez numeru zamówienia;Części do obudowy do komputerów;1909;1;100;150
