PimId;EAN;Mfn;Brand;Label;Name;Category;Price;Qty;Estimated Delivery Days;Lowest 30 Days Price;Service
local-seed-0101;730143315289;100-100001084WOF;AMD;AMD AM5 (Ryzen 9xxx);AMD Ryzen 7 9800X3D (8 rdzeni);CPU;2019;18;1;1829;false
local-seed-0102;730143318280;100-100001973WOF;AMD;AMD AM5 (Ryzen 9xxx);AMD Ryzen 7 9850X3D (8 rdzeni);CPU;2049;20;1;1969;false
local-seed-0103;730143315555;100-100000719WOF;AMD;AMD AM5 (Ryzen 9xxx);AMD Ryzen 9 9950X3D (16 rdzeni);CPU;3019;12;2;2729;false
local-seed-0104;730143315593;100-100001404WOF;AMD;AMD AM5 (Ryzen 9xxx);AMD Ryzen 7 9700X (8 rdzeni);CPU;1279;24;2;1209;false
local-seed-0105;730143315609;100-100001405WOF;AMD;AMD AM5 (Ryzen 9xxx);AMD Ryzen 5 9600X (6 rdzeni);CPU;829;12;2;789;false
local-seed-0106;730143314930;100-100000910WOF;AMD;AMD AM5 (Ryzen 7xxx);AMD Ryzen 7 7800X3D (8 rdzeni);CPU;1569;16;1;1479;false
local-seed-0107;730143314572;100-100001015BOX;AMD;AMD AM5 (Ryzen 7xxx);AMD Ryzen 5 7600 (6 rdzeni);CPU;809;20;1;759;false
local-seed-0108;5032037281928;BX80768285K;Intel;Intel LGA 1851 (Core Ultra);Intel Core Ultra 9 285K (24 rdzenie);CPU;2679;15;3;2539;false
local-seed-0109;5032037281980;BX80768265KF;Intel;Intel LGA 1851 (Core Ultra);Intel Core Ultra 7 265KF (20 rdzeni);CPU;1409;12;2;1189;false
local-seed-0110;5032037282109;BX80768245KF;Intel;Intel LGA 1851 (Core Ultra);Intel Core Ultra 5 245KF (14 rdzeni);CPU;829;16;1;789;false
local-seed-0111;4260751595590;100-000000927;AMD;AMD AM4 (Ryzen 5xxx);AMD Ryzen 5 5600 OEM (6 rdzeni);CPU;509;35;1;499;false
local-seed-0201;4711377344272;V537-002R;MSI;RTX 5060;MSI GeForce RTX 5060 8G VENTUS 2X OC 8 GB GDDR7;GPU;2169;6;2;2099;false
local-seed-0202;4711377334471;V535-005R;MSI;RTX 5060 TI;MSI GeForce RTX 5060 Ti 16G VENTUS 2X OC PLUS;GPU;3709;9;2;3469;false
local-seed-0203;4710562245189;NE7506T019T1-GB2061S;Palit;RTX 5060 TI;Palit GeForce RTX 5060 Ti Infinity 3 16GB GDDR7;GPU;3639;12;1;3289;false
local-seed-0204;4711636046213;90YV0M17-M0NA00;ASUS;RTX 5070;ASUS Dual GeForce RTX 5070 OC 12GB GDDR7;GPU;4099;10;3;3929;false
local-seed-0205;4719331355715;GV-N5070WF3OC-12GD;Gigabyte;RTX 5070;Gigabyte GeForce RTX 5070 Windforce OC 12GB GDDR7;GPU;4759;6;3;3499;false
local-seed-0206;4711377301541;V531-240R;MSI;RTX 5070 TI;MSI GeForce RTX 5070 Ti Gaming Trio OC 16GB GDDR7;GPU;6279;3;2;5679;false
local-seed-0207;4719331355883;GV-N507TEAGLEOC-16GD;Gigabyte;RTX 5070 TI;Gigabyte GeForce RTX 5070 Ti Eagle OC 16GB GDDR7;GPU;6089;5;1;5739;false
local-seed-0208;4711377309219;508016GVENTUS3XOC;MSI;RTX 5080;MSI GeForce RTX 5080 Ventus 3X OC 16GB GDDR7;GPU;8159;8;3;7299;false
local-seed-0209;4711387856673;90YV0M30-M0NA00;ASUS;RTX 5080;ASUS TUF Gaming OC GeForce RTX 5080 16GB GDDR7;GPU;8649;3;2;7169;false
local-seed-0210;4711387890288;90YV0LW0-M0NA00;ASUS;RTX 5090;ASUS GeForce RTX 5090 ROG Astral OC 32GB GDDR7;GPU;39639;2;3;30379;false
local-seed-0211;4895106295919;11348-03-20G;Sapphire;RX 9070 XT;Sapphire Radeon RX 9070 XT PULSE 16GB GDDR6;GPU;4809;3;3;3909;false
local-seed-0212;4719331355524;GV-R9070XTGAMINGOC-16GD;Gigabyte;RX 9070 XT;Gigabyte Radeon RX 9070 XT Gaming OC 16GB GDDR6;GPU;5009;3;3;3969;false
local-seed-0213;4895106295971;11349-03-20G;Sapphire;RX 9070;Sapphire Pulse Radeon RX 9070 16GB GDDR6;GPU;4089;6;3;3559;false
local-seed-0214;4895106296381;11350-03-20G;Sapphire;RX 9060 XT;Sapphire Radeon RX 9060 XT Pulse OC 16GB GDDR6;GPU;2909;9;2;2509;false
local-seed-0301;4711377402859;MAGB850TOMAHAWKWIFI;MSI;AMD B850 DDR5 (WiFi, Bluetooth);MSI MAG B850 TOMAHAWK WIFI;Motherboard;989;20;2;899;false
local-seed-0302;4711387781609;90MB1J30-M0EAY0;ASUS;AMD B850 DDR5 (WiFi, Bluetooth);ASUS TUF B850-PLUS WIFI;Motherboard;959;12;1;849;false
local-seed-0303;4719331866099;B850AELITEWF7ICE;Gigabyte;AMD B850 DDR5 (WiFi, Bluetooth);Gigabyte B850 A ELITE WF7 ICE;Motherboard;919;16;1;879;false
local-seed-0304;4711581490178;90-MXBQL0-A0UAYZ;ASRock;AMD B850 DDR5 (WiFi, Bluetooth);ASRock B850 Pro RS WiFi;Motherboard;699;35;1;689;false
local-seed-0305;4719331864996;X870EAGLEWIFI7;Gigabyte;AMD X870 DDR5 (WiFi 7, Bluetooth, USB 4);Gigabyte X870 EAGLE WIFI7;Motherboard;999;24;1;869;false
local-seed-0306;4711377291927;MAGX870ETOMAHAWKWIFI;MSI;AMD X870E DDR5 (WiFi 7, Bluetooth, USB 4);MSI MAG X870E TOMAHAWK WIFI;Motherboard;1629;12;3;1319;false
local-seed-0307;4711387724163;ROGSTRIXX870E-EGAMINGWIFI;ASUS;AMD X870E DDR5 (WiFi 7, Bluetooth, USB 4);ASUS ROG STRIX X870E-E GAMING WIFI;Motherboard;2289;9;1;2069;false
local-seed-0308;4711377259712;MAGZ890TOMAHAWKWIFI;MSI;Intel Z890 DDR5 (WiFi 7, Bluetooth);MSI MAG Z890 TOMAHAWK WIFI;Motherboard;1399;20;2;1359;false
local-seed-0309;4711387763926;90MB1IQ0-M0EAY0;ASUS;Intel Z890 DDR5 (WiFi 7, Bluetooth);ASUS TUF GAMING Z890-PLUS WIFI;Motherboard;1179;24;2;1079;false
local-seed-0310;4719331867515;B860DS3HWIFI6E;Gigabyte;Intel B860 DDR5 (WiFi, Bluetooth);Gigabyte B860 DS3H WIFI6E;Motherboard;909;12;3;899;false
local-seed-0311;4719331860073;B650GAMINGXAXV2;Gigabyte;AMD B650 DDR5 (WiFi, Bluetooth);Gigabyte B650 GAMING X AX V2;Motherboard;619;30;2;599;false
local-seed-0312;4711081309741;PRIMEB550M-AWIFIII;ASUS;AMD B550 DDR4 (WiFi , Bluetooth);ASUS PRIME B550M-A WIFI II;Motherboard;459;35;1;439;false
local-seed-0401;740617342994;KF560C30BBEK2-32;Kingston;DDR5, 32 GB, 6000 MHz, CL30+;Kingston Fury Beast, DDR5, 32 GB, 6000MHz, CL30;Memory;3169;50;1;3169;false
local-seed-0402;4713294230454;F5-6000J3038F16GX2-TZ5N;G.Skill;DDR5, 32 GB, 6000 MHz, CL30+;G.Skill Trident Z5 Neo, DDR5, 32 GB, 6000MHz, CL30;Memory;2959;9;2;2959;false
local-seed-0403;840006673293;CMK32GX5M2B6000Z30;Corsair;DDR5, 32 GB, 6000 MHz, CL30+;Corsair Vengeance, DDR5, 32 GB, 6000MHz, CL30;Memory;2909;12;1;2589;false
local-seed-0404;840006671343;CMH32GX5M2B6000C30;Corsair;DDR5, 32 GB, 6000 MHz, CL30+;Corsair Vengeance RGB, DDR5, 32 GB, 6000MHz, CL30;Memory;2979;15;1;2669;false
local-seed-0405;740617342819;KF560C30BBEAK2-64;Kingston;DDR5, 64 GB, 6000 MHz, CL30+;Kingston Fury Beast RGB, DDR5, 64 GB, 6000MHz, CL30;Memory;5779;8;2;4979;false
local-seed-0406;4713294232762;F5-6000J3040G32GX2-TZ5NR;G.Skill;DDR5, 64 GB, 6000 MHz, CL30+;G.Skill Trident Z5 Neo RGB, DDR5, 64 GB, 6000MHz, CL30;Memory;6249;3;1;5759;false
local-seed-0407;5908267901724;IR-6000D564L36S/32GDC;GoodRam;DDR5, 32 GB, 6000 MHz, CL30+;GoodRam IRDM, DDR5, 32 GB, 6000MHz, CL36;Memory;2309;12;1;2009;false
local-seed-0408;4713294224415;F4-3200C16D-32GIS;G.Skill;DDR4, 32 GB, 3200 MHz, CL16+;G.Skill Aegis, DDR4, 32 GB, 3200MHz, CL16;Memory;1189;24;1;1009;false
local-seed-0501;8806094215038;MZ-V9P2T0BW;Samsung;2 TB Gen4 NVMe SSD;Samsung 990 PRO 2TB M.2 2280 PCI-E x4 Gen4 NVMe;Storage;1749;12;2;1639;false
local-seed-0502;8806095575650;MZ-V9S2T0BW;Samsung;2 TB Gen4 NVMe SSD;Samsung 990 EVO Plus 2TB M.2 2280 PCI-E x4 Gen4 NVMe;Storage;1499;16;1;1439;false
local-seed-0503;8806095811710;MZ-VAP2T0BW;Samsung;2 TB Gen5 NVMe SSD;Samsung 9100 Pro 2TB M.2 2280 PCI-E x4 Gen5 NVMe;Storage;2029;35;2;1929;false
local-seed-0504;718037891408;WDS200T2X0E;Western Digital;2 TB Gen4 NVMe SSD;WD Black SN850X 2TB M.2 2280 PCI-E x4 Gen4 NVMe;Storage;1839;24;1;1569;false
local-seed-0505;740617324242;SKC3000D/2048G;Kingston;2 TB Gen4 NVMe SSD;Kingston KC3000 2TB M.2 2280 PCI-E x4 Gen4 NVMe;Storage;1519;12;1;1459;false
local-seed-0506;740617344790;SNV3S/1000G;Kingston;1 TB Gen4 NVMe SSD;Kingston SNV3S 1TB M.2 2280 PCI-E x4 Gen4 NVMe;Storage;719;30;1;709;false
local-seed-0507;843367130290;LNM790X002T-RNNNG;Lexar;2 TB Gen4 NVMe SSD;Lexar NM790 2TB M.2 2280 PCI-E x4 Gen4 NVMe;Storage;1329;20;1;1319;false
local-seed-0508;5908267964095;SSDPR-PX600-1K0-80;GoodRam;1 TB Gen4 NVMe SSD;GoodRam PX600 1TB M.2 2280 PCI-E x4 Gen4 NVMe;Storage;749;25;1;739;false
local-seed-0509;649528942241;CT2000P310SSD8;Crucial;2 TB Gen4 NVMe SSD;Crucial P310 2TB M.2 2280 PCI-E x4 Gen4 NVMe;Storage;1439;12;3;1129;false
local-seed-0601;4260052192191;BP027EU;be quiet!;850W, 80 Plus Gold+, ATX 3.1;be quiet! Pure Power 13 M 850W;PSU;619;30;1;609;false
local-seed-0602;4260052192184;BP026EU;be quiet!;750W, 80 Plus Gold+, ATX 3.1;be quiet! Pure Power 13 M 750W;PSU;549;35;2;539;false
local-seed-0603;840006691204;CP-9020296-EU;Corsair;850W, 80 Plus Gold+, ATX 3.1;Corsair RM850e 2025 850W ATX 3.1;PSU;599;25;1;529;false
local-seed-0604;840006667445;CP-9020270-EU;Corsair;850W, 80 Plus Gold+, ATX 3.1;Corsair RM850x 2024 850W;PSU;639;22;2;619;false
local-seed-0605;5903018667959;EY7A012;Endorfy;850W, 80 Plus Gold+, ATX 3.1;Endorfy Supremo FM6 850W;PSU;549;30;1;549;false
local-seed-0606;4711173878438;FOCUS-GX-850-V4;Seasonic;850W, 80 Plus Gold+, ATX 3.1;Seasonic FOCUS GX-850 v4;PSU;749;35;2;649;false
local-seed-0607;4719331557140;GP-GME750GMPG5EU;Gigabyte;750W, 80 Plus Gold+, ATX 3.1;Gigabyte Gaming 750GM PG5 ATX 3.1;PSU;459;25;1;449;false
local-seed-0608;4260052192023;BP020EU;be quiet!;1000W, 80 Plus Gold+, ATX 3.1;be quiet! Dark Power 14 1000W;PSU;1129;12;1;1099;false
local-seed-0609;840440495161;CP-9020307-EU;Corsair;1200W, 80 Plus Platinum+, ATX 3.1;Corsair HX1200i 2025 1200W ATX 3.1;PSU;1629;16;3;1629;false
local-seed-0701;4260052191804;BG074;be quiet!;be quiet! Pure Base 501 Airflow;be quiet! Pure Base 501 Airflow;Case;329;35;3;309;false
local-seed-0702;5056547205854;CC-H52FB-01;NZXT;Nzxt H5 Flow (2024);NZXT H5 Flow (2024);Case;369;25;1;369;false
local-seed-0703;4718466015853;LAN217X;Lian Li;Lian Li LANCOOL 217;Lian Li LANCOOL 217;Case;539;22;2;529;false
local-seed-0704;4718466015884;G99.O11VPX.00;Lian Li;Lian Li O11 Vision Compact;Lian Li O11 Vision Compact;Case;639;30;3;549;false
local-seed-0705;7340172704713;FD-C-NOR1C-02;Fractal Design;Fractal Design North;Fractal Design North;Case;639;35;1;629;false
local-seed-0706;840440496571;CC-9011312-WW;Corsair;Corsair Frame 4000D RS;Corsair Frame 4000D RS;Case;449;25;1;439;false
local-seed-0707;5903018666327;EY2A013;Endorfy;Endorfy Arx 700 ARGB;Endorfy Arx 700 ARGB;Case;429;22;1;369;false
local-seed-0708;886523303466;PH-NV523TG_DBK02;Phanteks;Phanteks NV5;Phanteks NV5;Case;459;30;2;419;false
local-seed-0709;4718466014153;O11DERGBX;Lian Li;Lian Li O11 Dynamic EVO RGB;Lian Li O11 Dynamic EVO RGB;Case;719;1;2;709;false
local-seed-0710;4711636061193;90DC00W0-B39000;ASUS;ASUS ROG Strix Helios II;ASUS ROG Strix Helios II;Case;1429;24;1;1429;false
local-seed-0801;4895213704120;ACFRE00121A;Arctic;Chłodzenie powietrzne;Arctic Freezer 36;Cooler;129;45;2;139;false
local-seed-0802;4260052192481;BK039;be quiet!;Chłodzenie powietrzne;be quiet! Pure Rock 3;Cooler;159;40;1;159;false
local-seed-0803;5903018667911;EY3A012;Endorfy;Chłodzenie powietrzne;Endorfy Fera 5 Black ARGB;Cooler;189;60;1;169;false
local-seed-0804;4260052190739;BK035;be quiet!;Chłodzenie powietrzne;be quiet! Dark Rock 5;Cooler;309;25;2;269;false
local-seed-0805;9010018000238;NH-D15SCH.BK;Noctua;Chłodzenie powietrzne;Noctua NH-D15S;Cooler;549;22;2;549;false
local-seed-0806;4895265000249;ACFRE00180A;Arctic;Chłodzenie wodne 360 mm;Arctic Liquid Freezer III Pro 360;Cooler;369;30;1;369;false
local-seed-0807;4260052193204;BW031EU;be quiet!;Chłodzenie wodne 360 mm;be quiet! Pure Loop 3 LX 360mm;Cooler;449;35;1;439;false
local-seed-0808;5056547205212;RL-KN360-B2;NZXT;Chłodzenie wodne 360 mm;NZXT Kraken Plus 360;Cooler;779;25;1;789;false
local-seed-0809;4718466013507;GA2T36B;Lian Li;Chłodzenie wodne 360 mm;Lian Li Galahad II Trinity 360;Cooler;619;22;2;579;false
local-seed-0810;840440482956;CW-9061023-WW;Corsair;Chłodzenie wodne 360 mm;Corsair iCUE LINK Titan 360 RX LCD RGB;Cooler;1259;16;2;1009;false
local-seed-0901;4895265000072;ACFAN00305A;Arctic;120mm, PWM;Arctic P12 Pro;Fan;39;120;2;39;false
local-seed-0902;4260052188859;BL093;be quiet!;120mm, PWM;be quiet! Silent Wings 4 120mm PWM;Fan;109;45;2;109;false
local-seed-0903;5903018665955;EY4A002;Endorfy;120mm, PWM, RGB;Endorfy Fluctus 120mm PWM ARGB;Fan;79;80;1;79;false
local-seed-0904;4718466018519;12CL1W1B;Lian Li;120mm, PWM, RGB;Lian Li UNI FAN CL Wireless 120;Fan;89;120;2;79;false
local-seed-0905;840006684121;CO-9050180-WW;Corsair;120mm, PWM, RGB;Corsair RS120 PWM ARGB;Fan;94;95;2;94;false
local-seed-0906;7340172708841;FD-F-MO1-1201;Fractal Design;120mm, PWM;Fractal Design Momentum 12;Fan;109;40;3;119;false
local-seed-0907;9010018100723;NF-A14X25G2PWMCH.BK;Noctua;140mm, PWM;Noctua NF-A14x25 G2 PWM;Fan;189;60;2;189;false
local-seed-0908;840006697930;CO-9051001-WW;Corsair;120mm, PWM, RGB;Corsair iCUE LINK QX120 RGB;Fan;279;45;3;259;false
