pimId;ean;mfn;brand;label;name;category;priceGross;qty;estDeliveryDays;lowest30dPrice;supplier;inWarehouse;inCatalog;pimCategoryId
local-seed-0101;730143315289;100-100001084WOF;AMD;AMD AM5 (Ryzen 9xxx);AMD Ryzen 7 9800X3D (8 rdzeni);CPU;2019;18;1;1829;Acme,AcmeB;false;true;989
local-seed-0102;730143318280;100-100001973WOF;AMD;AMD AM5 (Ryzen 9xxx);AMD Ryzen 7 9850X3D (8 rdzeni);CPU;2049;20;1;1969;Acme;false;true;989
local-seed-0103;730143315555;100-100000719WOF;AMD;AMD AM5 (Ryzen 9xxx);AMD Ryzen 9 9950X3D (16 rdzeni);CPU;3019;12;2;2729;Acme,AcmeB;true;true;989
local-seed-0104;730143315593;100-100001404WOF;AMD;AMD AM5 (Ryzen 9xxx);AMD Ryzen 7 9700X (8 rdzeni);CPU;1279;24;2;1209;Acme;false;true;989
local-seed-0105;730143315609;100-100001405WOF;AMD;AMD AM5 (Ryzen 9xxx);AMD Ryzen 5 9600X (6 rdzeni);CPU;829;12;2;789;Acme,AcmeB;false;true;989
local-seed-0106;730143314930;100-100000910WOF;AMD;AMD AM5 (Ryzen 7xxx);AMD Ryzen 7 7800X3D (8 rdzeni);CPU;1569;16;1;1479;AcmeB;false;true;989
local-seed-0107;730143314572;100-100001015BOX;AMD;AMD AM5 (Ryzen 7xxx);AMD Ryzen 5 7600 (6 rdzeni);CPU;809;20;1;759;Acme;false;true;989
local-seed-0108;5032037281928;BX80768285K;Intel;Intel LGA 1851 (Core Ultra);Intel Core Ultra 9 285K (24 rdzenie);CPU;2679;15;3;2539;Acme;false;true;989
local-seed-0109;5032037281980;BX80768265KF;Intel;Intel LGA 1851 (Core Ultra);Intel Core Ultra 7 265KF (20 rdzeni);CPU;1409;12;2;1189;Acme,AcmeB;false;true;989
local-seed-0110;5032037282109;BX80768245KF;Intel;Intel LGA 1851 (Core Ultra);Intel Core Ultra 5 245KF (14 rdzeni);CPU;829;16;1;789;Acme,AcmeB;true;true;989
local-seed-0111;4260751595590;100-000000927;AMD;AMD AM4 (Ryzen 5xxx);AMD Ryzen 5 5600 OEM (6 rdzeni);CPU;509;35;1;499;AcmeB;false;true;989
local-seed-0112;5032037284837;BX80768270K;Intel;Intel LGA 1851 (Core Ultra);Intel Core Ultra 7 270K Plus (24 rdzenie);CPU;1469;24;1;1379;Acme,AcmeB;false;false;989
local-seed-0113;5032037284738;BX80768250K;Intel;Intel LGA 1851 (Core Ultra);Intel Core Ultra 5 250K Plus (18 rdzeni);CPU;969;12;1;949;Acme;false;false;989
local-seed-0114;730143315296;100-100000662WOF;AMD;AMD AM5 (Ryzen 9xxx);AMD Ryzen 9 9900X (12 rdzeni);CPU;1609;16;1;1469;AcmeB;false;false;989
local-seed-0115;8592978468668;100-000000597;AMD;AMD AM5 (Ryzen 7xxx);AMD Ryzen 5 7500F OEM (6 rdzeni);CPU;579;35;2;549;Acme,AcmeB;false;false;989
local-seed-0116;730143318327;100-100001978WOF;AMD;AMD AM5 (Ryzen 9xxx);AMD Ryzen 9 9950X3D2 (16 rdzeni);CPU;3999;3;1;3959;Acme;false;false;989
local-seed-0201;4711377344272;V537-002R;MSI;RTX 5060;MSI GeForce RTX 5060 8G VENTUS 2X OC 8 GB GDDR7;GPU;2169;6;2;2099;Acme,AcmeB;true;true;170
local-seed-0202;4711377334471;V535-005R;MSI;RTX 5060 TI;MSI GeForce RTX 5060 Ti 16G VENTUS 2X OC PLUS;GPU;3709;9;2;3469;Acme,AcmeB;false;true;170
local-seed-0203;4710562245189;NE7506T019T1-GB2061S;Palit;RTX 5060 TI;Palit GeForce RTX 5060 Ti Infinity 3 16GB GDDR7;GPU;3639;12;1;3289;AcmeB;false;true;170
local-seed-0204;4711636046213;90YV0M17-M0NA00;ASUS;RTX 5070;ASUS Dual GeForce RTX 5070 OC 12GB GDDR7;GPU;4099;10;3;3929;Acme,AcmeB;false;true;170
local-seed-0205;4719331355715;GV-N5070WF3OC-12GD;Gigabyte;RTX 5070;Gigabyte GeForce RTX 5070 Windforce OC 12GB GDDR7;GPU;4759;6;3;3499;Acme;false;true;170
local-seed-0206;4711377301541;V531-240R;MSI;RTX 5070 TI;MSI GeForce RTX 5070 Ti Gaming Trio OC 16GB GDDR7;GPU;6279;3;2;5679;Acme,AcmeB;false;true;170
local-seed-0207;4719331355883;GV-N507TEAGLEOC-16GD;Gigabyte;RTX 5070 TI;Gigabyte GeForce RTX 5070 Ti Eagle OC 16GB GDDR7;GPU;6089;5;1;5739;Acme;false;true;170
local-seed-0208;4711377309219;508016GVENTUS3XOC;MSI;RTX 5080;MSI GeForce RTX 5080 Ventus 3X OC 16GB GDDR7;GPU;8159;8;3;7299;AcmeB;false;true;170
local-seed-0209;4711387856673;90YV0M30-M0NA00;ASUS;RTX 5080;ASUS TUF Gaming OC GeForce RTX 5080 16GB GDDR7;GPU;8649;3;2;7169;Acme;false;true;170
local-seed-0210;4711387890288;90YV0LW0-M0NA00;ASUS;RTX 5090;ASUS GeForce RTX 5090 ROG Astral OC 32GB GDDR7;GPU;39639;2;3;30379;Acme;false;true;170
local-seed-0211;4895106295919;11348-03-20G;Sapphire;RX 9070 XT;Sapphire Radeon RX 9070 XT PULSE 16GB GDDR6;GPU;4809;3;3;3909;Acme,AcmeB;false;true;170
local-seed-0212;4719331355524;GV-R9070XTGAMINGOC-16GD;Gigabyte;RX 9070 XT;Gigabyte Radeon RX 9070 XT Gaming OC 16GB GDDR6;GPU;5009;3;3;3969;AcmeB;false;true;170
local-seed-0213;4895106295971;11349-03-20G;Sapphire;RX 9070;Sapphire Pulse Radeon RX 9070 16GB GDDR6;GPU;4089;6;3;3559;Acme;false;true;170
local-seed-0214;4895106296381;11350-03-20G;Sapphire;RX 9060 XT;Sapphire Radeon RX 9060 XT Pulse OC 16GB GDDR6;GPU;2909;9;2;2509;Acme,AcmeB;true;true;170
local-seed-0215;4719331356439;GV-N5060EAGLEOC-8GD;Gigabyte;RTX 5060;Gigabyte GeForce RTX 5060 EAGLE OC 8G;GPU;2269;12;2;2159;Acme,AcmeB;false;false;170
local-seed-0216;4711387829578;TUF-RX9070XT-O16G-GAMING;ASUS;RX 9070 XT;ASUS TUF Gaming Radeon RX 9070 XT OC 16GB GDDR6;GPU;4619;15;1;4489;Acme;false;false;170
local-seed-0217;4719331355494;GV-N5080GAMINGOC-16GD;Gigabyte;RTX 5080;Gigabyte GeForce RTX 5080 Gaming OC 16GB GDDR7;GPU;7699;8;1;7189;AcmeB;false;false;170
local-seed-0218;8886307700612;ZT-B50620E-10M;Zotac;RTX 5060 TI;Zotac Gaming GeForce RTX 5060 Ti 16GB Twin Edge;GPU;4029;9;1;3859;Acme,AcmeB;false;false;170
local-seed-0219;4719331355838;GV-N5090WF3OC-32GD;Gigabyte;RTX 5090;Gigabyte GeForce RTX 5090 Windforce OC 32GB GDDR7;GPU;32889;2;3;32879;Acme;false;false;170
local-seed-0301;4711377402859;MAGB850TOMAHAWKWIFI;MSI;AMD B850 DDR5 (WiFi, Bluetooth);MSI MAG B850 TOMAHAWK WIFI;Motherboard;989;20;2;899;Acme,AcmeB;true;true;164
local-seed-0302;4711387781609;90MB1J30-M0EAY0;ASUS;AMD B850 DDR5 (WiFi, Bluetooth);ASUS TUF B850-PLUS WIFI;Motherboard;959;12;1;849;Acme,AcmeB;true;true;164
local-seed-0303;4719331866099;B850AELITEWF7ICE;Gigabyte;AMD B850 DDR5 (WiFi, Bluetooth);Gigabyte B850 A ELITE WF7 ICE;Motherboard;919;16;1;879;Acme;false;true;164
local-seed-0304;4711581490178;90-MXBQL0-A0UAYZ;ASRock;AMD B850 DDR5 (WiFi, Bluetooth);ASRock B850 Pro RS WiFi;Motherboard;699;35;1;689;AcmeB;false;true;164
local-seed-0305;4719331864996;X870EAGLEWIFI7;Gigabyte;AMD X870 DDR5 (WiFi 7, Bluetooth, USB 4);Gigabyte X870 EAGLE WIFI7;Motherboard;999;24;1;869;Acme;false;true;164
local-seed-0306;4711377291927;MAGX870ETOMAHAWKWIFI;MSI;AMD X870E DDR5 (WiFi 7, Bluetooth, USB 4);MSI MAG X870E TOMAHAWK WIFI;Motherboard;1629;12;3;1319;Acme,AcmeB;false;true;164
local-seed-0307;4711387724163;ROGSTRIXX870E-EGAMINGWIFI;ASUS;AMD X870E DDR5 (WiFi 7, Bluetooth, USB 4);ASUS ROG STRIX X870E-E GAMING WIFI;Motherboard;2289;9;1;2069;Acme;false;true;164
local-seed-0308;4711377259712;MAGZ890TOMAHAWKWIFI;MSI;Intel Z890 DDR5 (WiFi 7, Bluetooth);MSI MAG Z890 TOMAHAWK WIFI;Motherboard;1399;20;2;1359;Acme,AcmeB;false;true;164
local-seed-0309;4711387763926;90MB1IQ0-M0EAY0;ASUS;Intel Z890 DDR5 (WiFi 7, Bluetooth);ASUS TUF GAMING Z890-PLUS WIFI;Motherboard;1179;24;2;1079;AcmeB;false;true;164
local-seed-0310;4719331867515;B860DS3HWIFI6E;Gigabyte;Intel B860 DDR5 (WiFi, Bluetooth);Gigabyte B860 DS3H WIFI6E;Motherboard;909;12;3;899;Acme;false;true;164
local-seed-0311;4719331860073;B650GAMINGXAXV2;Gigabyte;AMD B650 DDR5 (WiFi, Bluetooth);Gigabyte B650 GAMING X AX V2;Motherboard;619;30;2;599;Acme,AcmeB;false;true;164
local-seed-0312;4711081309741;PRIMEB550M-AWIFIII;ASUS;AMD B550 DDR4 (WiFi , Bluetooth);ASUS PRIME B550M-A WIFI II;Motherboard;459;35;1;439;AcmeB;false;true;164
local-seed-0313;4711581490123;B860STEELLEGENDWIFI;ASRock;Intel B860 DDR5 (WiFi, Bluetooth);ASRock B860 Steel Legend WiFi;Motherboard;869;24;1;839;Acme,AcmeB;false;false;164
local-seed-0314;4711387772676;90MB1J50-M0EAY0;ASUS;AMD B850 DDR5 (WiFi, Bluetooth);ASUS ROG STRIX B850-A Gaming WIFI;Motherboard;1209;12;1;1099;Acme;false;false;164
local-seed-0315;4719331871529;X870EAELITEWIFI7ICE;Gigabyte;AMD X870E DDR5 (WiFi 7, Bluetooth, USB 4);Gigabyte X870E AORUS ELITE WIFI7 ICE;Motherboard;1359;16;1;1289;AcmeB;false;false;164
local-seed-0316;4711387747223;90MB1ID0-M0EAY0;ASUS;Intel Z890 DDR5 (WiFi 7, Bluetooth);ASUS ROG MAXIMUS Z890 HERO;Motherboard;1989;20;1;1899;Acme;false;false;164
local-seed-0317;4711377290623;MAGB850TOMAHAWKMAXWIFI;MSI;AMD B850 DDR5 (WiFi, Bluetooth);MSI MAG B850 TOMAHAWK MAX WIFI;Motherboard;1339;24;3;1199;Acme,AcmeB;false;false;164
local-seed-0401;740617342994;KF560C30BBEK2-32;Kingston;DDR5, 32 GB, 6000 MHz, CL30+;Kingston Fury Beast, DDR5, 32 GB, 6000MHz, CL30;Memory;3169;50;1;3169;Acme,AcmeB;false;true;911
local-seed-0402;4713294230454;F5-6000J3038F16GX2-TZ5N;G.Skill;DDR5, 32 GB, 6000 MHz, CL30+;G.Skill Trident Z5 Neo, DDR5, 32 GB, 6000MHz, CL30;Memory;2959;9;2;2959;Acme,AcmeB;false;true;911
local-seed-0403;840006673293;CMK32GX5M2B6000Z30;Corsair;DDR5, 32 GB, 6000 MHz, CL30+;Corsair Vengeance, DDR5, 32 GB, 6000MHz, CL30;Memory;2909;12;1;2589;Acme;false;true;911
local-seed-0404;840006671343;CMH32GX5M2B6000C30;Corsair;DDR5, 32 GB, 6000 MHz, CL30+;Corsair Vengeance RGB, DDR5, 32 GB, 6000MHz, CL30;Memory;2979;15;1;2669;AcmeB;false;true;911
local-seed-0405;740617342819;KF560C30BBEAK2-64;Kingston;DDR5, 64 GB, 6000 MHz, CL30+;Kingston Fury Beast RGB, DDR5, 64 GB, 6000MHz, CL30;Memory;5779;8;2;4979;Acme;false;true;911
local-seed-0406;4713294232762;F5-6000J3040G32GX2-TZ5NR;G.Skill;DDR5, 64 GB, 6000 MHz, CL30+;G.Skill Trident Z5 Neo RGB, DDR5, 64 GB, 6000MHz, CL30;Memory;6249;3;1;5759;Acme,AcmeB;false;true;911
local-seed-0407;5908267901724;IR-6000D564L36S/32GDC;GoodRam;DDR5, 32 GB, 6000 MHz, CL30+;GoodRam IRDM, DDR5, 32 GB, 6000MHz, CL36;Memory;2309;12;1;2009;AcmeB;false;true;911
local-seed-0408;4713294224415;F4-3200C16D-32GIS;G.Skill;DDR4, 32 GB, 3200 MHz, CL16+;G.Skill Aegis, DDR4, 32 GB, 3200MHz, CL16;Memory;1189;24;1;1009;Acme,AcmeB;true;true;911
local-seed-0409;843367133543;LD5U16G68C34LA-RGD;Lexar;DDR5, 32 GB, 6800 MHz, CL34+;Lexar Ares RGB, DDR5, 32 GB, 6800MHz, CL34;Memory;2709;6;2;2149;Acme;false;false;911
local-seed-0410;740617345841;KF560C36BBE2K2-32;Kingston;DDR5, 32 GB, 6000 MHz, CL30+;Kingston Fury Beast, DDR5, 32 GB, 6000MHz, CL36;Memory;2769;9;1;2509;Acme,AcmeB;false;false;911
local-seed-0411;840006674368;CMP32GX5M2B6400C32W;Corsair;DDR5, 32 GB, 6400 MHz, CL32+;Corsair Dominator Titanium RGB, DDR5, 32 GB, 6400MHz, CL32;Memory;3559;12;3;3529;AcmeB;false;false;911
local-seed-0412;4713294233424;F5-6000J3040G32GX2-FX5;G.Skill;DDR5, 64 GB, 6000 MHz, CL30+;G.Skill Flare X5, DDR5, 64 GB, 6000MHz, CL30;Memory;5709;3;2;5399;Acme;false;false;911
local-seed-0501;8806094215038;MZ-V9P2T0BW;Samsung;2 TB Gen4 NVMe SSD;Samsung 990 PRO 2TB M.2 2280 PCI-E x4 Gen4 NVMe;Storage;1749;12;2;1639;Acme,AcmeB;true;true;1563
local-seed-0502;8806095575650;MZ-V9S2T0BW;Samsung;2 TB Gen4 NVMe SSD;Samsung 990 EVO Plus 2TB M.2 2280 PCI-E x4 Gen4 NVMe;Storage;1499;16;1;1439;Acme;false;true;1563
local-seed-0503;8806095811710;MZ-VAP2T0BW;Samsung;2 TB Gen5 NVMe SSD;Samsung 9100 Pro 2TB M.2 2280 PCI-E x4 Gen5 NVMe;Storage;2029;35;2;1929;AcmeB;false;true;1563
local-seed-0504;718037891408;WDS200T2X0E;Western Digital;2 TB Gen4 NVMe SSD;WD Black SN850X 2TB M.2 2280 PCI-E x4 Gen4 NVMe;Storage;1839;24;1;1569;Acme,AcmeB;false;true;1563
local-seed-0505;740617324242;SKC3000D/2048G;Kingston;2 TB Gen4 NVMe SSD;Kingston KC3000 2TB M.2 2280 PCI-E x4 Gen4 NVMe;Storage;1519;12;1;1459;Acme;false;true;1563
local-seed-0506;740617344790;SNV3S/1000G;Kingston;1 TB Gen4 NVMe SSD;Kingston SNV3S 1TB M.2 2280 PCI-E x4 Gen4 NVMe;Storage;719;30;1;709;Acme,AcmeB;true;true;1563
local-seed-0507;843367130290;LNM790X002T-RNNNG;Lexar;2 TB Gen4 NVMe SSD;Lexar NM790 2TB M.2 2280 PCI-E x4 Gen4 NVMe;Storage;1329;20;1;1319;AcmeB;false;true;1563
local-seed-0508;5908267964095;SSDPR-PX600-1K0-80;GoodRam;1 TB Gen4 NVMe SSD;GoodRam PX600 1TB M.2 2280 PCI-E x4 Gen4 NVMe;Storage;749;25;1;739;Acme;false;true;1563
local-seed-0509;649528942241;CT2000P310SSD8;Crucial;2 TB Gen4 NVMe SSD;Crucial P310 2TB M.2 2280 PCI-E x4 Gen4 NVMe;Storage;1439;12;3;1129;AcmeB;false;true;1563
local-seed-0510;619659220860;WDS200T1X0M-00CMT0;Western Digital;2 TB Gen5 NVMe SSD;WD SN8100 2TB M.2 2280 PCI-E x4 Gen5 NVMe;Storage;2339;9;2;2109;Acme;false;false;1563
local-seed-0511;740617349498;SFYR2S/2T0;Kingston;2 TB Gen5 NVMe SSD;Kingston Renegade G5 2TB M.2 2280 PCI-E x4 Gen5 NVMe;Storage;1789;20;1;1719;Acme,AcmeB;false;false;1563
local-seed-0512;8806094947205;MZ-V9P4T0BW;Samsung;4 TB Gen4 NVMe SSD;Samsung 990 PRO 4TB M.2 2280 PCI-E x4 Gen4 NVMe;Storage;3139;15;2;2939;AcmeB;false;false;1563
local-seed-0513;843367136858;LNM990X002T-RNNNG;Lexar;2 TB Gen5 NVMe SSD;Lexar NM990 2TB M.2 2280 PCI-E x4 Gen5 NVMe;Storage;1809;12;2;1809;Acme;false;false;1563
local-seed-0601;4260052192191;BP027EU;be quiet!;850W, 80 Plus Gold+, ATX 3.1;be quiet! Pure Power 13 M 850W;PSU;619;30;1;609;Acme,AcmeB;false;true;963
local-seed-0602;4260052192184;BP026EU;be quiet!;750W, 80 Plus Gold+, ATX 3.1;be quiet! Pure Power 13 M 750W;PSU;549;35;2;539;Acme;false;true;963
local-seed-0603;840006691204;CP-9020296-EU;Corsair;850W, 80 Plus Gold+, ATX 3.1;Corsair RM850e 2025 850W ATX 3.1;PSU;599;25;1;529;Acme,AcmeB;true;true;963
local-seed-0604;840006667445;CP-9020270-EU;Corsair;850W, 80 Plus Gold+, ATX 3.1;Corsair RM850x 2024 850W;PSU;639;22;2;619;AcmeB;false;true;963
local-seed-0605;5903018667959;EY7A012;Endorfy;850W, 80 Plus Gold+, ATX 3.1;Endorfy Supremo FM6 850W;PSU;549;30;1;549;Acme;false;true;963
local-seed-0606;4711173878438;FOCUS-GX-850-V4;Seasonic;850W, 80 Plus Gold+, ATX 3.1;Seasonic FOCUS GX-850 v4;PSU;749;35;2;649;AcmeB;false;true;963
local-seed-0607;4719331557140;GP-GME750GMPG5EU;Gigabyte;750W, 80 Plus Gold+, ATX 3.1;Gigabyte Gaming 750GM PG5 ATX 3.1;PSU;459;25;1;449;Acme,AcmeB;false;true;963
local-seed-0608;4260052192023;BP020EU;be quiet!;1000W, 80 Plus Gold+, ATX 3.1;be quiet! Dark Power 14 1000W;PSU;1129;12;1;1099;Acme;false;true;963
local-seed-0609;840440495161;CP-9020307-EU;Corsair;1200W, 80 Plus Platinum+, ATX 3.1;Corsair HX1200i 2025 1200W ATX 3.1;PSU;1629;16;3;1629;AcmeB;false;true;963
local-seed-0610;5903018668918;EY7A015;Endorfy;650W, 80 Plus Bronze+, ATX 3.1;Endorfy Vero L6 650W;PSU;249;45;1;259;Acme,AcmeB;false;false;963
local-seed-0611;840006691327;CP-9020297-EU;Corsair;1000W, 80 Plus Gold+, ATX 3.1;Corsair RM1000e 2025 1000W ATX 3.1;PSU;749;25;1;619;Acme;false;false;963
local-seed-0612;4711387594384;90YE00W1-B0NA00;ASUS;1000W, 80 Plus Gold+, ATX 3.1;ASUS ROG Strix Platinum 1000W;PSU;1169;12;1;1109;AcmeB;false;false;963
local-seed-0613;4260052192207;BP028EU;be quiet!;1000W, 80 Plus Gold+, ATX 3.1;be quiet! Pure Power 13 M 1000W;PSU;719;30;1;709;Acme,AcmeB;false;false;963
local-seed-0701;4260052191804;BG074;be quiet!;be quiet! Pure Base 501 Airflow;be quiet! Pure Base 501 Airflow;Case;329;35;3;309;Acme,AcmeB;true;true;237
local-seed-0702;5056547205854;CC-H52FB-01;NZXT;Nzxt H5 Flow (2024);NZXT H5 Flow (2024);Case;369;25;1;369;Acme,AcmeB;false;true;237
local-seed-0703;4718466015853;LAN217X;Lian Li;Lian Li LANCOOL 217;Lian Li LANCOOL 217;Case;539;22;2;529;Acme;false;true;237
local-seed-0704;4718466015884;G99.O11VPX.00;Lian Li;Lian Li O11 Vision Compact;Lian Li O11 Vision Compact;Case;639;30;3;549;AcmeB;false;true;237
local-seed-0705;7340172704713;FD-C-NOR1C-02;Fractal Design;Fractal Design North;Fractal Design North;Case;639;35;1;629;Acme;false;true;237
local-seed-0706;840440496571;CC-9011312-WW;Corsair;Corsair Frame 4000D RS;Corsair Frame 4000D RS;Case;449;25;1;439;AcmeB;false;true;237
local-seed-0707;5903018666327;EY2A013;Endorfy;Endorfy Arx 700 ARGB;Endorfy Arx 700 ARGB;Case;429;22;1;369;Acme,AcmeB;false;true;237
local-seed-0708;886523303466;PH-NV523TG_DBK02;Phanteks;Phanteks NV5;Phanteks NV5;Case;459;30;2;419;Acme;false;true;237
local-seed-0709;4718466014153;O11DERGBX;Lian Li;Lian Li O11 Dynamic EVO RGB;Lian Li O11 Dynamic EVO RGB;Case;719;1;2;709;AcmeB;false;true;237
local-seed-0710;4711636061193;90DC00W0-B39000;ASUS;ASUS ROG Strix Helios II;ASUS ROG Strix Helios II;Case;1429;24;1;1429;Acme;false;true;237
local-seed-0711;5903018666211;EY2A002;Endorfy;Endorfy Ventum 200 Air;Endorfy Ventum 200 Air;Case;219;60;1;189;Acme,AcmeB;false;false;237
local-seed-0712;4260052192832;BGW76;be quiet!;be quiet! Pure Base 501 DX;be quiet! Pure Base 501 DX;Case;409;30;2;389;Acme;false;false;237
local-seed-0713;7340172710448;FD-C-POA2A-02;Fractal Design;Fractal Design Pop 2 Air TG;Fractal Design Pop 2 Air TG;Case;389;35;1;379;AcmeB;false;false;237
local-seed-0714;4260052190142;BGW50;be quiet!;be quiet! Dark Base 901 Pro ARGB;be quiet! Dark Base 901 Pro ARGB;Case;1219;24;2;1199;Acme,AcmeB;false;false;237
local-seed-0801;4895213704120;ACFRE00121A;Arctic;Chłodzenie powietrzne;Arctic Freezer 36;Cooler;129;45;2;139;Acme,AcmeB;true;true;921
local-seed-0802;4260052192481;BK039;be quiet!;Chłodzenie powietrzne;be quiet! Pure Rock 3;Cooler;159;40;1;159;Acme;false;true;921
local-seed-0803;5903018667911;EY3A012;Endorfy;Chłodzenie powietrzne;Endorfy Fera 5 Black ARGB;Cooler;189;60;1;169;AcmeB;false;true;921
local-seed-0804;4260052190739;BK035;be quiet!;Chłodzenie powietrzne;be quiet! Dark Rock 5;Cooler;309;25;2;269;Acme;false;true;921
local-seed-0805;9010018000238;NH-D15SCH.BK;Noctua;Chłodzenie powietrzne;Noctua NH-D15S;Cooler;549;22;2;549;Acme,AcmeB;true;true;921
local-seed-0806;4895265000249;ACFRE00180A;Arctic;Chłodzenie wodne 360 mm;Arctic Liquid Freezer III Pro 360;Cooler;369;30;1;369;Acme,AcmeB;false;true;921
local-seed-0807;4260052193204;BW031EU;be quiet!;Chłodzenie wodne 360 mm;be quiet! Pure Loop 3 LX 360mm;Cooler;449;35;1;439;AcmeB;false;true;921
local-seed-0808;5056547205212;RL-KN360-B2;NZXT;Chłodzenie wodne 360 mm;NZXT Kraken Plus 360;Cooler;779;25;1;789;Acme;false;true;921
local-seed-0809;4718466013507;GA2T36B;Lian Li;Chłodzenie wodne 360 mm;Lian Li Galahad II Trinity 360;Cooler;619;22;2;579;AcmeB;false;true;921
local-seed-0810;840440482956;CW-9061023-WW;Corsair;Chłodzenie wodne 360 mm;Corsair iCUE LINK Titan 360 RX LCD RGB;Cooler;1259;16;2;1009;Acme;false;true;921
local-seed-0811;5903018665900;EY3B003;Endorfy;Chłodzenie wodne 360 mm;Endorfy Navis F360 Black;Cooler;339;35;1;319;Acme,AcmeB;false;false;921
local-seed-0812;4711387579671;90RC00W1-M0UAY0;ASUS;Chłodzenie wodne 360 mm;ASUS ROG Strix LC III 360 ARGB LCD;Cooler;1039;24;1;769;Acme;false;false;921
local-seed-0813;4260052191125;BW020;be quiet!;Chłodzenie wodne 240 mm;be quiet! Light Loop 240 mm ARGB;Cooler;489;22;1;479;AcmeB;false;false;921
local-seed-0814;840006687528;CW-9060088-WW;Corsair;Chłodzenie wodne 240 mm;Corsair Nautilus 240 RS;Cooler;419;30;1;399;Acme,AcmeB;false;false;921
local-seed-0901;4895265000072;ACFAN00305A;Arctic;120mm, PWM;Arctic P12 Pro;Fan;39;120;2;39;Acme,AcmeB;true;true;1571
local-seed-0902;4260052188859;BL093;be quiet!;120mm, PWM;be quiet! Silent Wings 4 120mm PWM;Fan;109;45;2;109;Acme,AcmeB;false;true;1571
local-seed-0903;5903018665955;EY4A002;Endorfy;120mm, PWM, RGB;Endorfy Fluctus 120mm PWM ARGB;Fan;79;80;1;79;Acme;false;true;1571
local-seed-0904;4718466018519;12CL1W1B;Lian Li;120mm, PWM, RGB;Lian Li UNI FAN CL Wireless 120;Fan;89;120;2;79;AcmeB;false;true;1571
local-seed-0905;840006684121;CO-9050180-WW;Corsair;120mm, PWM, RGB;Corsair RS120 PWM ARGB;Fan;94;95;2;94;Acme;false;true;1571
local-seed-0906;7340172708841;FD-F-MO1-1201;Fractal Design;120mm, PWM;Fractal Design Momentum 12;Fan;109;40;3;119;AcmeB;false;true;1571
local-seed-0907;9010018100723;NF-A14X25G2PWMCH.BK;Noctua;140mm, PWM;Noctua NF-A14x25 G2 PWM;Fan;189;60;2;189;Acme,AcmeB;false;true;1571
local-seed-0908;840006697930;CO-9051001-WW;Corsair;120mm, PWM, RGB;Corsair iCUE LINK QX120 RGB;Fan;279;45;3;259;Acme;false;true;1571
local-seed-0909;4260052190777;BL105;be quiet!;120mm, PWM;be quiet! Pure Wings 3 120mm PWM;Fan;49;80;2;49;Acme,AcmeB;false;false;1571
local-seed-0910;4895265000416;ACFAN00317A;Arctic;140mm, PWM;Arctic P14 Pro PST White;Fan;49;120;1;49;Acme;false;false;1571
local-seed-0911;4718466022592;G99.14SLIN1W1W.00;Lian Li;140mm, PWM, RGB;Lian Li UNI FAN SL-INF Wireless 140 White;Fan;159;45;3;149;AcmeB;false;false;1571
local-seed-0912;886523002963;PH-F140D30_DRGB_PWM_BK01;Phanteks;140mm, PWM, RGB;Phanteks D30-140 D-RGB;Fan;149;40;2;149;Acme,AcmeB;false;false;1571
local-seed-sim-01;5900000000901;SIM-OK;Acme;Symulacja: zakup OK;Symulacja: zakup OK;Akcesoria;20;100;1;20;Acme,AcmeB;false;false;1909
local-seed-sim-02;5900000000902;SIM-UNKNOWN-PLACED;Acme;Symulacja: timeout (zamówienie istnieje);Symulacja: timeout, zamówienie u dostawcy istnieje;Akcesoria;20;100;1;20;Acme,AcmeB;false;false;1909
local-seed-sim-03;5900000000903;SIM-UNKNOWN-LOST;Acme;Symulacja: HTTP 502 (zamówienia brak);Symulacja: HTTP 502, zamówienia nie ma;Akcesoria;20;100;1;20;Acme,AcmeB;false;false;1909
local-seed-sim-04;5900000000904;SIM-REJECTED;Acme;Symulacja: odrzucenie dostawcy;Symulacja: odrzucenie przez dostawcę;Akcesoria;20;100;1;20;Acme,AcmeB;false;false;1909
local-seed-sim-05;5900000000905;SIM-BLANK-ID;Acme;Symulacja: brak numeru zamówienia;Symulacja: odpowiedź bez numeru zamówienia;Akcesoria;20;100;1;20;Acme,AcmeB;false;false;1909
